{"cameraMode":{"drawMode":0,"name":"Shaded","section":"Shading Mode"},"sceneLighting":true,"audioPlay":false,"sceneViewState":{"showFog":true,"showMaterialUpdate":false,"showSkybox":true,"showFlares":true,"showImageEffects":true,"showParticleSystems":true},"in2DMode":false,"pivot":{"x":1.2549760341644288,"y":-2.289781093597412,"z":27.92613983154297},"rotation":{"x":-0.05428285896778107,"y":-0.0038974995259195568,"z":0.00021192866552155465,"w":-0.9985206127166748},"size":19.628103256225587,"orthographic":false}